date,gold,silver,sma7_gold,sma20_gold,sma30_gold,ema12_gold,ema26_gold,macd_gold,macd_signal_gold,macd_hist_gold,rsi14_gold,boll_sma20_gold,boll_upper_gold,boll_lower_gold,sma7_silver,sma20_silver,sma30_silver,ema12_silver,ema26_silver,macd_silver,macd_signal_silver,macd_hist_silver,rsi14_silver,boll_sma20_silver,boll_upper_silver,boll_lower_silver
26/05/2025,8950,111,,,,8950.0,8950.0,0.0,0.0,0.0,,,,,,,,111.0,111.0,0.0,0.0,0.0,,,,
27/05/2025,8995,111,,,,8956.92,8953.33,3.59,0.72,2.87,,,,,,,,111.0,111.0,0.0,0.0,0.0,,,,
28/05/2025,8935,111,,,,8953.55,8951.98,1.57,0.89,0.69,,,,,,,,111.0,111.0,0.0,0.0,0.0,,,,
29/05/2025,8895,111,,,,8944.54,8947.75,-3.21,0.07,-3.28,,,,,,,,111.0,111.0,0.0,0.0,0.0,,,,
30/05/2025,8920,111,,,,8940.77,8945.7,-4.93,-0.93,-4.0,,,,,,,,111.0,111.0,0.0,0.0,0.0,,,,
31/05/2025,8920,111,,,,8937.57,8943.8,-6.22,-1.99,-4.23,,,,,,,,111.0,111.0,0.0,0.0,0.0,,,,
02/06/2025,8950,111,8937.86,,,8939.48,8944.25,-4.77,-2.55,-2.23,,,,,111.0,,,111.0,111.0,0.0,0.0,0.0,,,,
03/06/2025,9080,113,8956.43,,,8961.1,8954.31,6.79,-0.68,7.47,,,,,111.29,,,111.31,111.15,0.16,0.03,0.13,,,,
04/06/2025,9090,114,8970.0,,,8980.93,8964.36,16.57,2.77,13.8,,,,,111.71,,,111.72,111.36,0.36,0.1,0.26,,,,
05/06/2025,9130,114,8997.86,,,9003.87,8976.63,27.23,7.66,19.57,,,,,112.14,,,112.07,111.55,0.52,0.18,0.34,,,,
06/06/2025,9130,114,9031.43,,,9023.27,8987.99,35.28,13.19,22.09,,,,,112.57,,,112.37,111.74,0.63,0.27,0.36,,,,
07/06/2025,8980,117,9040.0,,,9016.61,8987.4,29.21,16.39,12.82,,,,,113.43,,,113.08,112.13,0.96,0.41,0.55,,,,
09/06/2025,8955,118,9045.0,,,9007.13,8985.0,22.14,17.54,4.59,,,,,114.43,,,113.84,112.56,1.28,0.58,0.69,,,,
10/06/2025,8945,119,9044.29,,,8997.58,8982.04,15.54,17.14,-1.6,,,,,115.57,,,114.63,113.04,1.59,0.78,0.81,,,,
11/06/2025,9020,119,9035.71,,,9001.03,8984.85,16.18,16.95,-0.77,55.47,,,,116.43,,,115.3,113.48,1.82,0.99,0.83,100.0,,,
12/06/2025,9100,119,9037.14,,,9016.25,8993.38,22.87,18.13,4.74,57.78,,,,117.14,,,115.87,113.89,1.98,1.19,0.79,100.0,,,
13/06/2025,9295,120,9060.71,,,9059.14,9015.72,43.42,23.19,20.23,72.22,,,,118.0,,,116.51,114.34,2.17,1.39,0.78,100.0,,,
14/06/2025,9320,120,9087.86,,,9099.27,9038.26,61.01,30.75,30.26,76.73,,,,118.86,,,117.05,114.76,2.28,1.57,0.72,100.0,,,
16/06/2025,9305,120,9134.29,,,9130.92,9058.02,72.9,39.18,33.72,74.52,9049.75,,,119.29,,,117.5,115.15,2.35,1.72,0.63,100.0,114.85,,
17/06/2025,9200,120,9169.29,9055.75,,9141.55,9068.54,73.01,45.95,27.06,65.73,9062.25,9330.1,8781.4,119.57,115.2,,117.88,115.51,2.38,1.85,0.52,100.0,115.3,122.87,107.53
18/06/2025,9250,122,9212.86,9070.75,,9158.23,9081.98,76.26,52.01,24.25,66.48,9075.0,9353.43,8788.07,120.0,115.75,,118.52,115.99,2.53,1.99,0.54,100.0,115.85,123.72,107.78
19/06/2025,9265,122,9247.86,9084.25,,9174.66,9095.53,79.12,57.43,21.69,61.64,9091.5,9377.3,8791.2,120.43,116.3,,119.05,116.43,2.62,2.11,0.5,100.0,116.4,124.41,108.19
20/06/2025,9210,120,9263.57,9098.0,,9180.1,9104.01,76.08,61.16,14.92,57.14,9107.25,9387.34,8808.66,120.57,116.75,,119.2,116.7,2.5,2.19,0.31,80.0,116.85,124.61,108.89
21/06/2025,9235,120,9255.0,9115.0,,9188.54,9113.72,74.83,63.9,10.93,56.36,9123.0,9393.89,8836.11,120.57,117.2,,119.32,116.94,2.38,2.23,0.15,80.0,117.3,124.7,109.7
23/06/2025,9230,120,9242.14,9130.5,,9194.92,9122.33,72.59,65.63,6.96,56.02,9138.5,9397.98,8863.02,120.57,117.65,,119.43,117.17,2.26,2.23,0.02,80.0,117.75,124.65,110.65
24/06/2025,9155,120,9220.71,9142.25,,9188.78,9124.75,64.03,65.31,-1.28,61.59,9148.75,9390.77,8893.73,120.57,118.1,,119.51,117.38,2.14,2.22,-0.08,71.43,118.2,124.42,111.78
25/06/2025,9070,119,9202.14,9148.25,,9170.51,9120.69,49.81,62.21,-12.4,57.06,9148.25,9382.62,8913.88,120.43,118.5,,119.44,117.5,1.94,2.16,-0.22,57.14,118.5,123.87,113.13
26/06/2025,9070,120,9176.43,9147.75,,9155.04,9116.94,38.1,57.39,-19.29,57.76,9147.75,9382.77,8912.73,120.14,118.85,,119.52,117.68,1.84,2.1,-0.26,57.14,118.85,123.59,114.11
27/06/2025,8985,120,9136.43,9142.5,,9128.88,9107.17,21.72,50.26,-28.54,47.85,9142.5,9387.44,8897.56,119.86,119.15,,119.6,117.86,1.74,2.02,-0.28,57.14,119.15,123.32,114.98
28/06/2025,8930,119,9096.43,9132.5,9083.83,9098.29,9094.04,4.24,41.05,-36.81,39.24,9132.5,9395.27,8869.73,119.71,119.4,116.87,119.5,117.94,1.56,1.93,-0.37,50.0,119.4,122.8,116.0
30/06/2025,8915,119,9050.71,9121.75,9082.67,9070.09,9080.78,-10.69,30.7,-41.4,18.85,9121.75,9401.96,8841.54,119.57,119.65,117.13,119.43,118.02,1.41,1.83,-0.42,42.86,119.65,121.92,117.38
01/07/2025,9020,120,9020.71,9123.75,9083.5,9062.38,9076.28,-13.9,21.78,-35.68,28.26,9123.75,9400.25,8847.25,119.57,119.8,117.43,119.51,118.17,1.35,1.73,-0.38,50.0,119.8,121.7,117.9
02/07/2025,9065,120,9007.86,9129.25,9087.83,9062.78,9075.44,-12.66,14.9,-27.55,33.33,9129.25,9395.81,8862.69,119.57,119.9,117.73,119.59,118.3,1.29,1.64,-0.35,50.0,119.9,121.6,118.2
03/07/2025,9105,121,9012.86,9137.25,9094.83,9069.28,9077.63,-8.35,10.25,-18.6,42.75,9137.25,9389.76,8884.74,119.86,120.0,118.07,119.81,118.5,1.3,1.58,-0.27,55.56,120.0,121.72,118.28
04/07/2025,9050,120,9010.0,9138.75,9099.17,9066.31,9075.59,-9.27,6.34,-15.61,34.85,9138.75,9388.67,8888.83,119.86,120.05,118.37,119.84,118.61,1.22,1.5,-0.28,37.5,120.05,121.7,118.4
05/07/2025,9060,120,9020.71,9136.75,9103.83,9065.34,9074.43,-9.09,3.26,-12.34,34.35,9136.75,9388.61,8884.89,119.86,120.1,118.67,119.86,118.72,1.15,1.43,-0.29,37.5,120.1,121.68,118.52
07/07/2025,9010,120,9032.14,9122.5,9105.83,9056.83,9069.66,-12.83,0.04,-12.87,34.62,9122.5,9368.85,8876.15,120.0,120.1,118.97,119.88,118.81,1.07,1.36,-0.29,50.0,120.1,121.68,118.52
08/07/2025,9060,120,9052.86,9109.5,9105.17,9057.32,9068.94,-11.63,-2.29,-9.33,37.04,11328.5,9338.82,8880.18,120.14,120.1,119.2,119.9,118.9,1.0,1.29,-0.29,50.0,167.3,121.68,118.52
09/07/2025,9000,120,9050.0,9094.25,9102.17,9048.5,9063.84,-15.34,-4.9,-10.43,34.25,11213.5,9308.93,8879.57,120.14,120.1,119.4,119.92,118.98,0.94,1.22,-0.28,50.0,165.05,121.68,118.52
10/07/2025,9020,120,9043.57,9085.25,9098.5,9044.11,9060.59,-16.47,-7.22,-9.26,40.0,9107.5,9296.32,8874.18,120.14,120.1,119.6,119.93,119.06,0.87,1.15,-0.28,50.0,120.1,121.68,118.52
11/07/2025,9075,121,9039.29,9076.5,9096.67,9048.87,9061.66,-12.79,-8.33,-4.46,50.39,9096.0,9272.81,8880.19,120.14,120.05,119.83,120.09,119.2,0.89,1.1,-0.2,66.67,120.15,121.42,118.68
12/07/2025,9140,125,9052.14,9070.25,9102.0,9062.89,9067.46,-4.57,-7.58,3.01,54.93,9093.0,9248.41,8892.09,120.86,120.2,120.1,120.85,119.63,1.22,1.12,0.1,77.78,120.4,122.68,117.72
14/07/2025,9155,127,9065.71,9067.5,9108.67,9077.06,9073.94,3.11,-5.44,8.56,63.28,9088.25,9238.12,8896.88,121.86,120.55,120.4,121.79,120.18,1.62,1.22,0.4,81.82,120.65,124.47,116.63
15/07/2025,9145,125,9085.0,9063.0,9115.33,9087.51,9079.21,8.3,-2.69,11.0,68.07,9082.25,9219.15,8906.85,122.57,120.8,120.6,122.29,120.53,1.76,1.33,0.43,75.0,120.8,125.18,116.42
16/07/2025,9100,124,9090.71,9056.5,9118.0,9089.43,9080.75,8.68,-0.42,9.1,64.8,9076.75,9192.96,8920.04,123.14,121.0,120.77,122.55,120.79,1.76,1.42,0.35,69.23,121.0,125.59,116.41
17/07/2025,9105,124,9105.71,9054.0,9118.17,9091.83,9082.54,9.28,1.52,7.76,58.1,9070.25,9184.57,8923.43,123.71,121.2,120.93,122.77,121.03,1.75,1.48,0.27,66.67,121.2,125.95,116.45
18/07/2025,9110,125,9118.57,9056.0,9112.0,9094.62,9084.58,10.04,3.23,6.82,54.64,9064.25,9188.81,8923.19,124.43,121.5,121.1,123.12,121.32,1.8,1.54,0.25,69.23,121.45,126.42,116.58
19/07/2025,9170,126,9132.14,9061.0,9107.0,9106.22,9090.91,15.31,5.64,9.67,56.44,9065.0,9203.22,8918.78,125.14,121.8,121.3,123.56,121.67,1.89,1.61,0.28,69.23,121.75,127.06,116.54
21/07/2025,9180,126,9137.86,9070.75,9102.83,9117.57,9097.5,20.07,8.53,11.54,64.13,9070.5,9217.69,8923.81,125.29,122.1,121.5,123.94,121.99,1.95,1.68,0.27,75.0,122.1,127.6,116.6
22/07/2025,9285,128,9156.43,9088.5,9105.67,9143.33,9111.39,31.94,13.21,18.73,70.27,9081.25,9249.0,8928.0,125.43,122.55,121.77,124.56,122.43,2.13,1.77,0.36,78.57,122.5,128.44,116.66
23/07/2025,9380,129,9190.0,9111.75,9110.0,9179.74,9131.29,48.45,20.26,28.19,80.83,9101.0,9298.92,8924.58,126.0,123.05,122.0,125.24,122.92,2.32,1.88,0.44,80.0,122.95,129.36,116.74
24/07/2025,9255,128,9212.14,9123.5,9109.67,9191.32,9140.45,50.86,26.38,24.49,64.44,9117.25,9315.86,8931.14,126.57,123.45,122.2,125.67,123.3,2.37,1.98,0.39,75.0,123.4,129.95,116.95
25/07/2025,9210,128,9227.14,9130.75,9109.67,9194.19,9145.61,48.59,30.82,17.77,65.91,9132.0,9324.75,8936.75,127.14,123.85,122.47,126.03,123.65,2.38,2.06,0.32,75.0,123.85,130.44,117.26
26/07/2025,9160,126,9234.29,9133.5,9107.17,9188.93,9146.67,42.26,33.11,9.15,60.14,9139.0,9327.52,8939.48,127.29,124.1,122.67,126.02,123.82,2.2,2.09,0.12,66.67,124.15,130.62,117.58
28/07/2025,9160,126,9232.86,9139.0,9104.83,9184.48,9147.66,36.82,33.85,2.97,56.69,9143.75,9329.25,8948.75,127.29,124.4,122.87,126.02,123.98,2.04,2.08,-0.04,64.71,124.45,130.67,118.13
29/07/2025,9150,126,9228.57,9143.5,9104.67,9179.18,9147.83,31.34,33.35,-2.01,50.86,9146.0,9330.11,8956.89,127.29,124.7,123.07,126.02,124.13,1.89,2.04,-0.15,53.85,124.7,130.65,118.75
30/07/2025,9210,127,9217.86,9153.5,9109.33,9183.92,9152.44,31.48,32.98,-1.5,54.4,9154.0,9331.21,8975.79,127.14,125.05,123.33,126.17,124.34,1.82,2.0,-0.17,50.0,125.05,130.65,119.45
31/07/2025,9170,125,9187.86,9159.0,9112.67,9181.78,9153.74,28.04,31.99,-3.95,51.91,9159.5,9331.25,8986.75,126.57,125.3,123.5,125.99,124.39,1.6,1.92,-0.32,50.0,125.3,130.37,120.23
01/08/2025,9150,123,9172.86,9166.5,9118.17,9176.89,9153.46,23.43,30.28,-6.85,53.97,9166.5,9321.83,9011.17,125.86,125.45,123.6,125.53,124.29,1.24,1.78,-0.54,46.15,125.45,130.01,120.89
02/08/2025,9290,123,9184.29,9180.0,9130.17,9194.29,9163.58,30.71,30.36,0.35,62.09,9180.0,9328.5,9031.5,125.14,125.6,123.73,125.14,124.19,0.95,1.61,-0.67,46.15,125.6,129.57,121.63
04/08/2025,9295,123,9203.57,9191.0,9142.83,9209.78,9173.31,36.47,31.59,4.89,62.09,9191.0,9339.35,9042.65,124.71,125.7,123.87,124.81,124.1,0.71,1.43,-0.73,41.67,125.7,129.26,122.14
05/08/2025,9370,125,9233.57,9202.5,9154.5,9234.43,9187.88,46.55,34.58,11.97,62.82,9202.5,9368.77,9036.23,124.57,125.7,124.03,124.84,124.17,0.67,1.28,-0.61,46.15,125.7,129.26,122.14
06/08/2025,9380,126,9266.43,9213.75,9165.0,9256.83,9202.11,54.72,38.61,16.11,62.82,9213.75,9396.16,9031.34,124.57,125.65,124.23,125.02,124.31,0.71,1.17,-0.45,50.0,125.65,129.16,122.14
07/08/2025,9400,127,9293.57,9226.5,9174.83,9278.85,9216.77,62.08,43.3,18.78,58.27,9226.5,9423.72,9029.28,124.57,125.75,124.43,125.32,124.51,0.82,1.1,-0.28,46.15,125.75,129.3,122.2
08/08/2025,9470,127,9336.43,9245.0,9188.83,9308.26,9235.53,72.73,49.19,23.55,56.72,9245.0,9460.8,9029.2,124.86,125.9,124.67,125.58,124.69,0.89,1.05,-0.16,41.67,125.9,129.39,122.41
09/08/2025,9445,127,9378.57,9262.0,9201.67,9329.3,9251.04,78.25,55.0,23.25,66.67,9262.0,9484.81,9039.19,125.43,126.05,124.9,125.8,124.86,0.94,1.03,-0.09,45.45,126.05,129.45,122.65
11/08/2025,9375,127,9390.71,9275.25,9213.83,9336.33,9260.23,76.1,59.22,16.88,63.87,9275.25,9491.42,9059.08,126.0,126.15,125.13,125.98,125.02,0.96,1.02,-0.05,45.45,126.15,129.54,122.76
12/08/2025,9295,126,9390.71,9281.5,9221.67,9329.97,9262.8,67.17,60.81,6.36,60.8,9281.5,9492.02,9070.98,126.43,126.15,125.33,125.99,125.09,0.89,0.99,-0.1,50.0,126.15,129.54,122.76
13/08/2025,9290,126,9379.29,9287.0,9231.33,9323.82,9264.82,59.0,60.45,-1.45,60.32,9287.0,9492.03,9081.97,126.57,126.15,125.53,125.99,125.16,0.83,0.96,-0.13,50.0,126.15,129.54,122.76
14/08/2025,9290,127,9366.43,9287.25,9240.33,9318.62,9266.68,51.94,58.75,-6.81,61.29,9287.25,9492.28,9082.22,126.71,126.1,125.77,126.14,125.3,0.85,0.94,-0.09,54.55,126.1,129.4,122.8
15/08/2025,9280,127,9349.29,9282.25,9247.17,9312.68,9267.67,45.01,56.0,-10.99,56.14,9282.25,9482.58,9081.92,126.71,126.0,125.97,126.28,125.42,0.85,0.92,-0.07,50.0,126.0,129.04,122.96
16/08/2025,9275,127,9321.43,9283.25,9251.67,9306.88,9268.21,38.67,52.53,-13.86,59.81,9283.25,9483.2,9083.3,126.71,125.95,126.03,126.39,125.54,0.85,0.91,-0.06,62.5,125.95,128.89,123.01
18/08/2025,9275,127,9297.14,9286.5,9255.67,9301.98,9268.71,33.26,48.68,-15.42,62.14,9286.5,9483.53,9089.47,126.71,125.9,126.03,126.48,125.65,0.83,0.89,-0.06,83.33,125.9,128.72,123.08
19/08/2025,9235,126,9277.14,9290.25,9258.67,9291.67,9266.22,25.45,44.03,-18.58,43.37,9290.25,9479.86,9100.64,126.57,125.9,126.07,126.41,125.67,0.73,0.86,-0.13,71.43,125.9,128.72,123.08
20/08/2025,9180,125,9260.71,9291.25,9261.33,9274.49,9259.83,14.66,38.16,-23.5,37.63,9291.25,9478.16,9104.34,126.43,125.85,126.1,126.19,125.62,0.57,0.8,-0.23,62.5,125.85,128.7,123.0
21/08/2025,9230,126,9252.14,9295.25,9265.5,9267.65,9257.62,10.03,32.53,-22.51,34.09,9295.25,9472.61,9117.89,126.43,125.85,126.17,126.16,125.65,0.51,0.74,-0.23,57.14,125.85,128.7,123.0
22/08/2025,9215,128,9241.43,9295.5,9269.0,9259.55,9254.46,5.08,27.04,-21.96,31.46,9295.5,9472.37,9118.63,126.57,125.9,126.27,126.44,125.83,0.62,0.72,-0.1,62.5,125.9,128.87,122.93
23/08/2025,9315,130,9246.43,9302.75,9273.83,9268.08,9258.95,9.13,23.46,-14.33,41.9,9302.75,9469.56,9135.94,127.0,126.15,126.4,126.99,126.13,0.86,0.75,0.11,66.67,126.15,129.6,122.7
25/08/2025,9305,131,9250.71,9310.5,9278.0,9273.76,9262.36,11.4,21.05,-9.65,32.26,9310.5,9461.04,9159.96,127.57,126.55,126.57,127.61,126.5,1.11,0.82,0.29,70.0,126.55,130.3,122.8
26/08/2025,9355,130,9262.14,9313.75,9280.33,9286.26,9269.22,17.04,20.25,-3.21,40.82,9313.75,9465.23,9162.27,128.0,126.9,126.63,127.98,126.75,1.22,0.9,0.32,63.64,126.9,130.56,123.24
27/08/2025,9390,130,9284.29,9318.5,9280.67,9302.22,9278.17,24.05,21.01,3.04,51.65,9318.5,9473.42,9163.58,128.57,127.25,126.67,128.29,127.0,1.29,0.98,0.31,63.64,127.25,130.68,123.82
28/08/2025,9405,130,9316.43,9320.25,9285.67,9318.03,9287.56,30.47,22.9,7.57,64.1,9320.25,9478.38,9162.12,129.29,127.5,126.73,128.55,127.22,1.33,1.05,0.28,70.0,127.5,130.96,124.04
29/08/2025,9470,131,9350.71,9324.75,9294.33,9341.41,9301.08,40.33,26.39,13.95,70.0,9324.75,9494.72,9154.78,130.0,127.75,126.83,128.93,127.5,1.43,1.13,0.3,72.73,127.75,131.47,124.03
30/08/2025,9620,134,9408.57,9335.75,9309.67,9384.27,9324.7,59.57,33.02,26.55,77.5,9335.75,9549.15,9122.35,130.86,128.1,127.1,129.71,127.98,1.73,1.25,0.48,76.92,128.1,132.73,123.47
01/09/2025,9705,136,9464.29,9347.5,9327.83,9433.61,9352.87,80.74,42.57,38.18,81.48,9347.5,9611.83,9083.17,131.71,128.55,127.43,130.68,128.57,2.1,1.42,0.69,80.0,128.55,134.33,122.77
02/09/2025,9725,137,9524.29,9361.5,9347.0,9478.44,9380.44,98.01,53.65,44.35,82.61,9361.5,9673.02,9049.98,132.57,129.05,127.8,131.65,129.2,2.45,1.62,0.83,81.25,129.05,135.9,122.2
03/09/2025,9805,137,9588.57,9383.0,9366.83,9528.68,9411.89,116.8,66.28,50.51,84.42,9383.0,9752.41,9013.59,133.57,129.55,128.13,132.47,129.78,2.7,1.84,0.86,81.25,129.55,137.19,121.91
04/09/2025,9795,137,9646.43,9408.0,9387.67,9569.65,9440.26,129.39,78.9,50.49,87.84,9408.0,9817.81,8998.19,134.57,130.1,128.53,133.17,130.31,2.86,2.04,0.82,86.67,130.1,138.23,121.97
05/09/2025,9865,136,9712.14,9436.75,9411.5,9615.09,9471.73,143.37,91.8,51.57,95.36,9436.75,9890.07,8983.43,135.43,130.6,128.97,133.6,130.73,2.87,2.21,0.66,86.67,130.6,138.89,122.31
06/09/2025,10005,138,9788.57,9472.5,9435.33,9675.08,9511.23,163.85,106.21,57.64,95.86,9472.5,9985.88,8959.12,136.43,131.15,129.47,134.28,131.27,3.01,2.37,0.64,87.5,131.15,139.89,122.41
08/09/2025,9970,137,9838.57,9507.0,9457.83,9720.45,9545.21,175.24,120.01,55.23,93.64,9507.0,10057.32,8956.68,136.86,131.65,129.93,134.7,131.7,3.0,2.5,0.51,80.0,131.65,140.53,122.77
09/09/2025,10150,140,9902.14,9550.75,9483.83,9786.53,9590.01,196.52,135.32,61.21,94.18,9550.75,10159.44,8942.06,137.43,132.3,130.43,135.51,132.31,3.2,2.64,0.57,81.25,132.3,141.64,122.96
10/09/2025,10150,140,9962.86,9594.5,9509.5,9842.45,9631.49,210.96,150.44,60.52,95.19,9594.5,10244.15,8944.85,137.86,132.95,130.9,136.2,132.88,3.32,2.77,0.55,80.0,132.95,142.54,123.36
11/09/2025,10150,140,10012.14,9640.25,9534.5,9889.77,9669.9,219.87,164.33,55.54,94.92,9640.25,10311.8,8968.7,138.29,133.65,131.33,136.79,133.41,3.38,2.9,0.49,85.71,133.65,143.15,124.15
12/09/2025,10240,142,10075.71,9693.25,9560.17,9943.65,9712.13,231.52,177.77,53.75,95.21,9693.25,10379.02,9007.48,139.0,134.5,131.83,137.59,134.04,3.55,3.03,0.52,87.5,134.5,143.78,125.22
13/09/2025,10220,143,10126.43,9742.75,9586.0,9986.16,9749.75,236.42,189.5,46.92,93.12,9742.75,10430.65,9054.85,140.0,135.35,132.37,138.42,134.71,3.72,3.16,0.55,88.24,135.35,144.46,126.24
15/09/2025,10210,143,10155.71,9792.5,9613.83,10020.6,9783.84,236.76,198.95,37.81,91.57,9792.5,10463.4,9121.6,140.71,136.1,132.9,139.13,135.32,3.81,3.29,0.51,87.5,136.1,145.14,127.06
16/09/2025,10280,144,10200.0,9840.75,9646.67,10060.51,9820.59,239.91,207.14,32.77,90.74,9840.75,10505.84,9175.66,141.71,136.8,133.5,139.88,135.96,3.91,3.42,0.5,85.71,136.8,146.01,127.59
17/09/2025,10270,142,10217.14,9889.0,9679.33,10092.74,9853.88,238.85,213.49,25.37,88.44,9889.0,10530.02,9247.98,142.0,137.35,134.03,140.2,136.41,3.79,3.49,0.3,71.43,137.35,146.42,128.28
18/09/2025,10220,141,10227.14,9932.25,9710.33,10112.32,9881.0,231.31,217.05,14.26,82.35,9932.25,10537.28,9327.22,142.14,137.9,134.5,140.33,136.75,3.57,3.51,0.07,64.29,137.9,146.41,129.39
19/09/2025,10230,143,10238.57,9974.25,9742.0,10130.42,9906.85,223.57,218.35,5.21,80.58,9974.25,10535.85,9412.65,142.57,138.55,135.03,140.74,137.21,3.52,3.51,0.01,68.75,138.55,146.48,130.62
20/09/2025,10290,145,10245.71,10018.5,9775.83,10154.97,9935.24,219.74,218.63,1.11,83.22,10018.5,10528.32,9508.68,143.0,139.3,135.63,141.39,137.79,3.6,3.53,0.07,72.22,139.3,146.64,131.96
22/09/2025,10360,148,10265.71,10063.0,9812.0,10186.52,9966.7,219.82,218.87,0.95,83.22,10063.0,10524.3,9601.7,143.71,140.15,136.33,142.41,138.55,3.86,3.6,0.27,80.0,140.15,147.38,132.92
23/09/2025,10500,149,10307.14,10107.0,9854.17,10234.74,10006.2,228.54,220.8,7.74,83.22,10107.0,10558.14,9655.86,144.57,140.9,137.1,143.42,139.32,4.1,3.7,0.4,78.95,140.9,148.55,133.25
24/09/2025,10600,150,10352.86,10151.75,9901.5,10290.94,10050.19,240.75,224.79,15.96,88.89,10151.75,10612.45,9691.05,145.43,141.6,137.93,144.44,140.11,4.32,3.82,0.5,84.21,141.6,149.89,133.31
25/09/2025,10510,150,10387.14,10191.0,9944.17,10324.64,10084.25,240.39,227.91,12.48,75.0,10191.0,10631.95,9750.05,146.57,142.25,138.73,145.29,140.84,4.45,3.95,0.5,81.25,142.25,151.05,133.45
26/09/2025,10550,153,10434.29,10228.25,9988.67,10359.31,10118.75,240.56,230.44,10.12,76.32,10228.25,10657.62,9798.88,148.29,143.05,139.57,146.48,141.75,4.73,4.1,0.63,84.21,143.05,152.71,133.39
27/09/2025,10640,159,10492.86,10270.5,10032.83,10402.49,10157.36,245.13,233.38,11.75,78.82,10270.5,10686.46,9854.54,150.57,144.15,140.53,148.4,143.02,5.38,4.36,1.02,88.0,144.15,155.73,132.57
29/09/2025,10700,160,10551.43,10312.25,10079.33,10448.26,10197.56,250.71,236.85,13.86,78.05,10312.25,10724.44,9900.06,152.71,145.35,141.5,150.19,144.28,5.91,4.67,1.24,87.5,145.35,158.27,132.43
30/09/2025,10860,161,10622.86,10355.0,10129.5,10511.61,10246.63,264.98,242.47,22.51,83.33,10355.0,10808.32,9901.68,154.57,146.5,142.53,151.85,145.52,6.33,5.0,1.33,87.5,146.5,160.69,132.31
01/10/2025,10890,161,10678.57,10401.0,10179.5,10569.82,10294.28,275.54,249.09,26.45,84.69,10401.0,10876.01,9925.99,156.29,147.7,143.57,153.26,146.67,6.59,5.32,1.27,87.5,147.7,162.56,132.84
02/10/2025,10880,163,10718.57,10437.5,10228.67,10617.54,10337.67,279.87,255.24,24.63,82.61,10437.5,10942.54,9932.46,158.14,148.85,144.67,154.76,147.88,6.88,5.63,1.25,88.0,148.85,164.72,132.98
03/10/2025,10840,161,10765.71,10472.0,10274.33,10651.77,10374.88,276.89,259.57,17.32,80.0,10472.0,10988.49,9955.51,159.71,149.9,145.67,155.72,148.85,6.87,5.88,0.99,88.0,149.9,166.08,133.72
04/10/2025,10950,165,10822.86,10512.0,10318.67,10697.65,10417.48,280.17,263.69,16.48,86.14,10512.0,11047.07,9976.93,161.43,151.15,146.7,157.15,150.04,7.1,6.12,0.98,92.86,151.15,167.96,134.34
06/10/2025,11060,166,10882.86,10553.0,10363.83,10753.39,10465.07,288.32,268.62,19.7,87.39,10553.0,11124.72,9981.28,162.43,152.35,147.7,158.51,151.23,7.28,6.36,0.93,92.59,152.35,169.83,134.87
07/10/2025,11200,167,10954.29,10602.0,10413.0,10822.1,10519.51,302.59,275.41,27.18,88.24,10602.0,11219.69,9984.31,163.43,153.55,148.7,159.81,152.39,7.42,6.57,0.85,92.31,153.55,171.61,135.49
08/10/2025,11300,167,11017.14,10656.5,10462.83,10895.63,10577.33,318.3,283.99,34.31,88.52,10656.5,11319.26,9993.74,164.29,154.75,149.7,160.92,153.48,7.44,6.74,0.7,91.3,154.75,173.04,136.46
09/10/2025,11400,171,11090.0,10712.5,10516.33,10973.22,10638.27,334.96,294.18,40.77,88.14,10712.5,11428.45,9996.55,165.71,156.1,150.83,162.47,154.77,7.7,6.93,0.76,92.31,156.1,175.03,137.17
10/10/2025,11260,180,11144.29,10762.0,10562.83,11017.34,10684.32,333.02,301.95,31.07,77.05,10762.0,11485.98,10038.02,168.14,158.0,152.3,165.17,156.64,8.52,7.25,1.27,94.12,158.0,178.53,137.47
11/10/2025,11425,187,11227.86,10822.25,10610.17,11080.06,10739.19,340.87,309.73,31.14,85.33,10822.25,11556.8,10087.7,171.86,160.3,153.93,168.53,158.89,9.63,7.73,1.91,95.12,160.3,183.0,137.6
13/10/2025,11525,195,11310.0,10887.0,10662.0,11148.51,10797.39,351.12,318.01,33.11,85.98,10887.0,11629.99,10144.01,176.14,162.9,155.87,172.6,161.57,11.03,8.39,2.64,95.65,162.9,188.93,136.87
14/10/2025,11825,206,11419.29,10963.75,10717.83,11252.59,10873.51,379.07,330.22,48.85,87.86,10963.75,11762.14,10165.36,181.86,165.95,158.07,177.74,164.86,12.88,9.29,3.59,96.08,165.95,196.96,134.94
15/10/2025,11860,207,11513.57,11038.75,10774.83,11346.03,10946.59,399.45,344.07,55.38,87.66,11038.75,11879.06,10198.44,187.57,168.9,160.3,182.24,167.98,14.26,10.28,3.98,96.08,168.9,203.72,134.08
16/10/2025,11900,206,11599.29,11108.75,10833.17,11431.26,11017.21,414.05,358.06,55.99,86.62,11108.75,11992.23,10225.27,193.14,171.75,162.5,185.9,170.8,15.1,11.25,3.85,94.12,171.75,208.96,134.54
17/10/2025,12200,203,11713.57,11188.75,10898.5,11549.53,11104.82,444.7,375.39,69.31,88.76,11188.75,12163.33,10214.17,197.71,174.4,164.53,188.53,173.18,15.35,12.07,3.28,88.89,174.4,212.62,136.18
18/10/2025,11950,190,11812.14,11260.75,10956.17,11611.14,11167.43,443.71,389.06,54.65,77.72,11260.75,12236.96,10284.54,199.14,176.4,166.1,188.75,174.43,14.33,12.52,1.81,70.77,176.4,213.41,139.39
20/10/2025,11920,190,11882.86,11329.25,11013.17,11658.66,11223.18,435.48,398.34,37.14,78.12,11329.25,12287.57,10370.93,199.57,178.25,167.67,188.95,175.58,13.36,12.69,0.68,73.02,178.25,214.01,142.49
21/10/2025,12180,188,11976.43,11406.25,11076.5,11738.86,11294.05,444.81,407.64,37.18,79.71,11406.25,12378.76,10433.74,198.57,179.7,169.13,188.8,176.5,12.3,12.61,-0.31,68.85,179.7,214.52,144.88
22/10/2025,11700,180,11958.57,11456.25,11124.17,11732.88,11324.12,408.76,407.86,0.9,63.11,11456.25,12377.34,10535.16,194.86,180.7,170.4,187.45,176.76,10.69,12.22,-1.54,60.29,180.7,214.26,147.14
23/10/2025,11500,174,11907.14,11488.25,11166.83,11697.06,11337.15,359.91,398.27,-38.36,56.0,11488.25,12365.54,10610.96,190.14,181.35,171.5,185.38,176.56,8.82,11.54,-2.72,54.79,181.35,213.79,148.91
24/10/2025,11540,171,11855.71,11520.75,11210.5,11672.89,11352.18,320.72,382.76,-62.04,54.92,11520.75,12351.66,10689.84,185.14,181.85,172.43,183.17,176.14,7.02,10.64,-3.62,52.63,181.85,213.26,150.44
25/10/2025,11500,170,11755.71,11551.75,11250.83,11646.29,11363.13,283.17,362.84,-79.67,52.1,11551.75,12326.36,10777.14,180.43,182.2,173.27,181.14,175.69,5.45,9.6,-4.15,49.32,182.2,212.87,151.53
27/10/2025,11450,170,11684.29,11582.25,11287.17,11616.1,11369.56,246.53,339.58,-93.05,54.15,11582.25,12283.42,10881.08,177.57,182.65,174.0,179.43,175.27,4.16,8.51,-4.35,42.19,182.65,212.26,153.04
28/10/2025,11300,165,11595.71,11599.75,11313.83,11567.47,11364.41,203.06,312.28,-109.22,47.25,11599.75,12250.11,10949.39,174.0,182.65,174.53,177.21,174.51,2.7,7.35,-4.65,32.26,182.65,212.26,153.04
29/10/2025,11210,166,11457.14,11607.25,11334.17,11512.47,11352.97,159.5,281.72,-122.22,43.05,11607.25,12234.44,10980.06,170.86,182.65,175.07,175.48,173.88,1.61,6.2,-4.6,23.64,182.65,212.26,153.04
30/10/2025,11100,165,11371.43,11602.25,11353.83,11449.01,11334.23,114.78,248.33,-133.55,32.53,11602.25,12244.53,10959.97,168.71,182.55,175.57,173.87,173.22,0.65,5.09,-4.44,4.44,182.55,212.4,152.7
31/10/2025,11300,165,11342.86,11602.25,11378.83,11426.09,11331.7,94.39,217.54,-123.15,37.5,11602.25,12244.53,10959.97,167.43,182.45,175.97,172.51,172.61,-0.11,4.05,-4.16,2.27,182.45,212.53,152.37
01/11/2025,11310,166,11310.0,11597.75,11401.17,11408.23,11330.09,78.14,189.66,-111.52,36.65,11597.75,12247.22,10948.28,166.71,182.2,176.2,171.5,172.12,-0.62,3.12,-3.73,4.55,182.2,212.76,151.64
03/11/2025,11350,168,11288.57,11602.25,11422.83,11399.27,11331.56,67.71,165.27,-97.57,28.21,11602.25,12243.05,10961.45,166.43,181.6,176.47,170.97,171.82,-0.85,2.32,-3.17,9.3,181.6,212.8,150.4
04/11/2025,11250,165,11260.0,11593.5,11435.83,11376.31,11325.52,50.78,142.37,-91.59,30.56,11593.5,12249.1,10937.9,165.71,180.5,176.6,170.05,171.31,-1.26,1.61,-2.87,12.12,180.5,212.44,148.56
05/11/2025,11180,163,11242.86,11576.25,11445.5,11346.1,11314.74,31.36,120.17,-88.81,29.89,11576.25,12257.11,10895.39,165.43,178.9,176.67,168.96,170.7,-1.73,0.94,-2.67,11.43,178.9,210.99,146.81
06/11/2025,11250,164,11248.57,11547.5,11457.83,11331.32,11309.95,21.37,100.41,-79.04,21.82,11547.5,12232.68,10862.32,165.14,176.8,176.7,168.2,170.2,-2.0,0.35,-2.35,14.71,176.8,206.86,146.74
07/11/2025,11270,165,11272.86,11518.0,11472.17,11321.89,11306.99,14.9,83.31,-68.41,31.93,11518.0,12197.31,10838.69,165.14,174.7,176.83,167.71,169.81,-2.11,-0.14,-1.97,22.22,174.7,201.57,147.83
08/11/2025,11300,165,11272.86,11488.0,11483.83,11318.52,11306.47,12.05,69.06,-57.01,40.2,11488.0,12149.02,10826.98,165.14,172.65,176.83,167.29,169.46,-2.17,-0.55,-1.62,28.57,172.65,195.41,149.89
10/11/2025,11410,167,11287.14,11448.5,11495.5,11332.59,11314.14,18.45,58.94,-40.48,44.04,11448.5,12018.53,10878.47,165.29,170.85,176.87,167.25,169.28,-2.03,-0.84,-1.19,40.0,170.85,188.66,153.04
11/11/2025,11700,170,11337.14,11436.0,11512.17,11389.12,11342.72,46.4,56.43,-10.03,57.46,11436.0,11969.52,10902.48,165.57,169.85,176.97,167.67,169.33,-1.66,-1.01,-0.65,50.0,169.85,185.21,154.49
12/11/2025,11600,173,11387.14,11420.0,11522.17,11421.56,11361.78,59.78,57.1,2.68,55.4,11420.0,11909.81,10930.19,166.71,169.0,177.17,168.49,169.6,-1.11,-1.03,-0.08,56.0,169.0,181.23,156.77
13/11/2025,11800,182,11475.71,11401.0,11535.5,11479.78,11394.24,85.54,62.79,22.75,67.36,11401.0,11784.66,11017.34,169.43,168.7,177.53,170.57,170.52,0.05,-0.81,0.86,79.31,168.7,179.12,158.28
14/11/2025,11840,180,11560.0,11408.0,11554.83,11535.2,11427.26,107.94,71.82,36.12,72.66,11408.0,11818.78,10997.22,171.71,168.7,177.53,172.02,171.22,0.8,-0.49,1.29,73.33,168.7,179.12,158.28
15/11/2025,11550,175,11600.0,11410.5,11559.0,11537.48,11436.35,101.13,77.68,23.45,64.33,11410.5,11824.24,10996.76,173.14,168.75,177.13,172.48,171.5,0.98,-0.2,1.17,64.71,168.75,179.29,158.21
17/11/2025,11540,173,11634.29,11410.5,11559.5,11537.87,11444.03,93.84,80.91,12.93,58.7,11410.5,11824.24,10996.76,174.29,168.85,176.4,172.56,171.61,0.95,0.03,0.91,61.11,168.85,179.52,158.18
18/11/2025,11400,170,11632.86,11405.5,11545.33,11516.66,11440.77,75.89,79.91,-4.02,52.98,11405.5,11817.09,10993.91,174.71,168.85,175.2,172.16,171.49,0.67,0.16,0.51,55.26,168.85,179.52,158.18
19/11/2025,11500,173,11604.29,11408.0,11533.33,11514.09,11445.15,68.94,77.71,-8.77,54.78,11408.0,11821.34,10994.66,175.14,169.0,174.07,172.29,171.6,0.69,0.27,0.42,56.41,169.0,179.82,158.18
20/11/2025,11500,173,11590.0,11418.0,11520.0,11511.92,11449.22,62.71,74.71,-12.0,58.5,11418.0,11830.01,11005.99,175.14,169.4,172.97,172.4,171.71,0.69,0.35,0.34,61.11,169.4,180.19,158.61
21/11/2025,11460,169,11541.43,11430.5,11495.33,11503.94,11450.02,53.92,70.55,-16.63,59.72,,11830.95,11030.05,173.29,169.55,171.83,171.88,171.51,0.37,0.36,0.02,57.89,,180.22,158.88
22/11/2025,11630,172,11511.43,11457.0,11484.67,11523.33,11463.35,59.98,68.44,-8.46,62.34,,11834.87,11079.13,172.14,169.9,171.23,171.9,171.54,0.35,0.35,-0.0,60.0,,180.4,159.4
24/11/2025,11520,171,11507.14,11468.0,11471.33,11522.82,11467.54,55.27,65.81,-10.53,57.67,,11839.38,11096.62,171.57,170.2,170.6,171.76,171.5,0.26,0.33,-0.08,57.5,,180.45,159.95
25/11/2025,11720,174,11532.86,11488.5,11456.0,11553.15,11486.25,66.91,66.03,0.88,61.67,,11868.32,11108.68,171.71,170.6,170.13,172.1,171.69,0.42,0.35,0.06,60.47,,180.79,160.41
26/11/2025,11800,176,11590.0,11511.0,11459.33,11591.13,11509.49,81.64,69.15,12.49,61.02,,11909.15,11112.85,172.57,171.0,170.0,172.7,172.01,0.7,0.42,0.28,60.47,,181.38,160.62
27/11/2025,11770,180,11628.57,11537.0,11468.33,11618.65,11528.78,89.87,73.29,16.57,52.32,,11931.28,11142.72,173.57,171.75,170.2,173.83,172.6,1.23,0.58,0.64,61.36,,182.47,161.03
28/11/2025,11840,183,11677.14,11570.0,11478.33,11652.7,11551.84,100.87,78.81,22.06,58.11,,11948.64,11191.36,175.0,172.75,170.6,175.24,173.37,1.87,0.84,1.03,61.36,,183.76,161.74
29/11/2025,11980,192,11751.43,11606.5,11494.33,11703.06,11583.55,119.5,86.95,32.56,56.34,,11995.85,11217.15,178.29,174.15,171.33,177.82,174.75,3.07,1.28,1.78,61.36,,187.37,160.93
01/12/2025,12070,196,11814.29,11646.5,11515.0,11759.51,11619.59,139.92,97.54,42.38,57.82,,12054.23,11238.77,181.71,175.7,172.2,180.61,176.32,4.29,1.88,2.4,67.39,,191.44,159.96
02/12/2025,12040,196,11888.57,11683.5,11539.67,11802.66,11650.73,151.93,108.42,43.51,70.25,,12093.14,11273.86,185.29,177.25,173.23,182.98,177.78,5.2,2.55,2.65,75.61,,194.58,159.92
03/12/2025,12060,201,11937.14,11716.0,11568.0,11842.25,11681.04,161.21,118.98,42.23,71.31,,12137.25,11294.75,189.14,178.95,174.4,185.75,179.5,6.25,3.29,2.96,81.82,,198.56,159.34
04/12/2025,12020,200,11968.57,11732.0,11598.67,11869.6,11706.15,163.45,127.87,35.57,77.68,,12174.46,11289.54,192.57,180.45,175.57,187.94,181.02,6.92,4.02,2.91,85.71,,201.7,159.2
05/12/2025,12000,196,12001.43,11752.0,11622.0,11889.66,11727.92,161.74,134.65,27.1,74.04,,12205.37,11298.63,194.86,181.6,176.6,189.18,182.13,7.05,4.62,2.43,76.74,,203.63,159.57
06/12/2025,12040,199,12030.0,11764.0,11646.33,11912.79,11751.04,161.75,140.07,21.69,75.0,,12235.07,11292.93,197.14,182.45,177.7,190.69,183.38,7.31,5.16,2.15,78.26,,205.81,159.09
08/12/2025,12040,198,12038.57,11774.0,11669.33,11932.36,11772.44,159.92,144.04,15.88,77.88,,12260.12,11287.88,198.0,183.35,178.7,191.82,184.46,7.36,5.6,1.76,83.72,,207.68,159.02
09/12/2025,12000,199,12028.57,11796.5,11694.33,11942.77,11789.3,153.47,145.92,7.55,70.33,,12280.62,11312.38,198.43,184.55,179.83,192.92,185.54,7.38,5.96,1.43,82.93,,209.51,159.59
10/12/2025,12030,207,12027.14,11821.0,11722.67,11956.19,11807.13,149.06,146.55,2.51,80.72,,12300.03,11341.97,200.0,186.25,181.3,195.09,187.13,7.96,6.36,1.6,87.5,,212.49,160.01
11/12/2025,12050,209,12025.71,11853.5,11749.33,11970.62,11825.12,145.5,146.34,-0.84,75.38,,12299.31,11407.69,201.14,188.2,182.8,197.23,188.75,8.48,6.78,1.7,87.23,,215.15,161.25
12/12/2025,12250,215,12058.57,11891.0,11782.0,12013.6,11856.59,157.01,148.48,8.54,79.22,,12337.79,11444.21,203.29,190.3,184.47,199.96,190.69,9.27,7.28,1.99,88.24,,218.76,161.84
13/12/2025,12370,210,12111.43,11934.5,11817.67,12068.43,11894.62,173.81,153.54,20.27,84.88,,12390.32,11478.68,205.29,192.15,185.97,201.51,192.12,9.38,7.7,1.68,78.85,,220.69,163.61
15/12/2025,12460,213,12171.43,11984.5,11852.67,12128.67,11936.5,192.17,161.27,30.9,85.23,,12440.55,11528.45,207.29,194.35,187.5,203.28,193.67,9.61,8.08,1.52,78.85,,222.15,166.55
16/12/2025,12350,211,12215.71,12020.5,11874.33,12162.72,11967.13,195.59,168.13,27.46,71.76,,12472.37,11568.63,209.14,196.3,188.87,204.46,194.95,9.51,8.37,1.14,71.11,,222.94,169.66
17/12/2025,12400,222,12272.86,12064.5,11901.0,12199.23,11999.19,200.03,174.51,25.52,70.37,,12481.18,11647.82,212.43,198.85,190.5,207.16,196.96,10.2,8.73,1.47,75.0,,225.06,172.64
18/12/2025,12440,224,12331.43,12100.5,11922.33,12236.27,12031.85,204.42,180.5,23.93,74.39,,12516.27,11684.73,214.86,201.35,191.9,209.75,198.96,10.79,9.15,1.65,75.93,,227.11,175.59
19/12/2025,12380,221,12378.57,12129.5,11940.33,12258.38,12057.64,200.75,184.55,16.2,68.6,,12537.86,11721.14,216.57,203.6,193.27,211.48,200.59,10.89,9.49,1.39,69.23,,227.86,179.34
20/12/2025,12400,226,12400.0,12161.0,11968.67,12280.17,12083.0,197.17,187.07,10.1,72.62,,12549.3,11772.7,218.14,205.9,194.97,213.72,202.47,11.24,9.84,1.4,73.21,,229.45,182.35
22/12/2025,12480,231,12415.71,12193.0,12000.0,12310.91,12112.4,198.51,189.36,9.15,76.67,,12575.35,11810.65,221.14,208.3,196.9,216.38,204.59,11.79,10.23,1.55,80.7,,231.8,184.8
23/12/2025,12770,234,12460.0,12232.5,12045.67,12381.54,12161.11,220.43,195.57,24.85,81.74,,12679.9,11785.1,224.14,210.4,199.03,219.09,206.77,12.32,10.65,1.67,80.7,,235.24,185.56
24/12/2025,12800,244,12524.29,12269.0,12089.0,12445.92,12208.44,237.48,203.95,33.53,82.2,,12775.75,11762.25,228.86,212.8,201.4,222.92,209.52,13.39,11.2,2.2,84.85,,240.85,184.75
25/12/2025,12820,245,12584.29,12308.0,12133.0,12503.47,12253.74,249.73,213.11,36.62,85.34,,12858.7,11757.3,232.14,215.25,203.8,226.32,212.15,14.16,11.79,2.37,84.85,,245.59,184.91
26/12/2025,12890,254,12648.57,12349.5,12180.67,12562.94,12300.87,262.07,222.9,39.17,85.83,,12944.8,11754.2,236.43,217.9,206.63,230.58,215.25,15.32,12.5,2.82,85.07,,252.02,183.78
27/12/2025,13000,274,12737.14,12398.5,12226.33,12630.18,12352.66,277.52,233.82,43.69,86.82,,13039.2,11757.8,244.0,221.6,210.03,237.26,219.6,17.65,13.53,4.12,88.24,,262.85,180.35
29/12/2025,13020,281,12825.71,12449.5,12276.33,12690.15,12402.09,288.06,244.67,43.39,84.68,,13118.4,11780.6,251.86,225.85,213.7,243.99,224.15,19.83,14.79,5.04,88.37,,273.08,178.62
30/12/2025,12600,258,12842.86,12477.5,12305.67,12676.28,12416.75,259.53,247.64,11.89,58.16,,13120.61,11834.39,255.71,228.8,216.5,246.14,226.66,19.48,15.73,3.75,73.08,,276.34,181.26
31/12/2025,12550,258,12811.43,12503.0,12330.67,12656.85,12426.62,230.23,244.16,-13.93,53.28,,13112.65,11893.35,259.14,231.8,219.23,247.97,228.98,18.99,16.38,2.61,72.28,,278.72,184.88
01/01/2026,12440,256,12760.0,12525.0,12353.0,12623.49,12427.61,195.88,234.5,-38.63,53.28,,13088.21,11961.79,260.86,234.65,221.77,249.2,230.98,18.22,16.75,1.47,72.28,,280.08,189.22
02/01/2026,12580,260,12725.71,12552.5,12377.67,12616.8,12438.9,177.9,223.18,-45.28,56.16,,13065.4,12039.6,263.0,237.3,224.33,250.86,233.13,17.73,16.94,0.79,70.21,,282.12,192.48
03/01/2026,12520,256,12672.86,12576.0,12395.67,12601.91,12444.91,157.0,209.95,-52.95,52.7,,13031.86,12120.14,263.29,239.65,226.47,251.65,234.83,16.83,16.92,-0.09,66.67,,283.13,196.17
05/01/2026,12680,265,12627.14,12597.5,12416.0,12613.92,12462.32,151.6,198.28,-46.68,59.49,,13028.5,12166.5,262.0,242.15,228.77,253.71,237.06,16.65,16.87,-0.22,71.57,,285.41,198.89
06/01/2026,12830,271,12600.0,12620.5,12442.33,12647.16,12489.56,157.61,190.14,-32.54,62.57,,13049.48,12191.52,260.57,245.2,231.27,256.37,239.57,16.79,16.85,-0.06,71.84,,287.51,202.89
07/01/2026,12870,283,12638.57,12641.0,12469.33,12681.45,12517.74,163.71,184.86,-21.15,61.68,,13076.81,12205.19,264.14,248.7,234.0,260.46,242.79,17.67,17.02,0.66,73.64,,291.37,206.03
08/01/2026,12750,272,12667.14,12661.0,12493.67,12691.99,12534.94,157.05,179.3,-22.24,49.33,,13076.84,12245.16,266.14,251.75,236.4,262.24,244.95,17.28,17.07,0.21,66.1,,291.71,211.79
09/01/2026,12800,268,12718.57,12681.0,12520.33,12708.61,12554.58,154.03,174.24,-20.21,50.0,,13082.2,12279.8,267.86,254.05,238.8,263.13,246.66,16.46,16.95,-0.48,60.71,,292.05,216.05
10/01/2026,12900,275,12764.29,12704.0,12549.0,12738.05,12580.16,157.89,170.97,-13.08,52.5,,13099.74,12308.26,270.0,256.6,241.33,264.95,248.76,16.19,16.8,-0.61,62.71,,292.92,220.28
12/01/2026,13120,287,12850.0,12741.0,12585.0,12796.82,12620.15,176.66,172.11,4.55,56.57,,13147.42,12334.58,274.43,259.9,244.3,268.34,251.59,16.75,16.79,-0.04,63.64,,294.55,225.25
13/01/2026,13170,292,12920.0,12779.5,12624.0,12854.23,12660.88,193.35,176.36,16.99,55.03,,13195.67,12363.33,278.29,263.2,247.4,271.98,254.59,17.4,16.91,0.49,58.49,,296.81,229.59
14/01/2026,13280,307,12984.29,12819.5,12665.67,12919.73,12706.74,212.99,183.68,29.31,57.3,,13267.07,12371.93,283.43,267.0,250.73,277.37,258.47,18.9,17.31,1.59,61.4,,302.42,231.58
15/01/2026,13290,310,13044.29,12845.5,12707.0,12976.7,12749.95,226.75,192.3,34.45,75.18,,13339.01,12351.99,287.29,270.8,254.1,282.39,262.29,20.1,17.87,2.24,77.66,,307.6,234.0
16/01/2026,13230,306,13112.86,12867.0,12739.67,13015.67,12785.51,230.16,199.87,30.29,74.64,,13388.82,12345.18,292.14,273.9,257.13,286.02,265.52,20.5,18.39,2.1,74.49,,311.62,236.18
17/01/2026,13280,310,13181.43,12890.0,12770.0,13056.33,12822.13,234.2,206.74,27.46,81.82,,13442.73,12337.27,298.14,277.15,260.47,289.71,268.82,20.89,18.89,2.0,77.0,,315.58,238.72
19/01/2026,13450,318,13260.0,12918.0,12803.0,13116.9,12868.64,248.25,215.04,33.21,82.22,,13524.82,12311.18,304.29,280.35,263.97,294.06,272.46,21.6,19.44,2.17,77.88,,321.25,239.45
20/01/2026,13610,330,13330.0,12948.5,12845.0,13192.76,12923.56,269.2,225.87,43.33,87.59,,13629.47,12267.53,310.43,283.15,267.93,299.59,276.72,22.87,20.12,2.75,83.04,,329.52,236.78
21/01/2026,14250,340,13484.29,13010.0,12906.67,13355.41,13021.81,333.6,247.42,86.18,90.67,,13906.28,12113.72,317.29,286.1,271.87,305.81,281.41,24.4,20.98,3.42,83.19,,338.95,233.25
22/01/2026,14200,340,13615.71,13090.0,12965.33,13485.35,13109.09,376.26,273.19,103.08,87.43,,14109.37,12070.63,322.0,290.2,275.73,311.07,285.75,25.32,21.85,3.47,82.24,,346.48,233.92
23/01/2026,14650,360,13810.0,13195.0,13041.0,13664.53,13223.23,441.3,306.81,134.49,89.73,,14396.52,11993.48,329.14,295.3,280.37,318.6,291.25,27.35,22.95,4.4,83.48,,357.47,233.13
24/01/2026,14620,355,14008.57,13304.0,13115.0,13811.52,13326.69,484.83,342.41,142.42,93.49,,14608.27,11999.73,336.14,300.25,284.67,324.2,295.97,28.22,24.0,4.22,88.07,,364.96,235.54
26/01/2026,15025,375,14257.86,13426.25,13199.83,13998.21,13452.49,545.72,383.07,162.64,94.41,,14893.01,11959.49,345.43,306.0,289.47,332.01,301.83,30.19,25.24,4.95,92.8,,375.88,236.12
27/01/2026,14960,387,14473.57,13548.25,13272.83,14146.18,13564.16,582.02,422.86,159.16,91.7,,15101.0,11995.5,355.29,312.55,294.57,340.47,308.14,32.34,26.66,5.68,93.08,,387.1,238.0
28/01/2026,15330,400,14719.29,13680.75,13357.17,14328.3,13694.96,633.34,464.96,168.38,92.18,,15367.98,11993.52,365.29,319.3,299.77,349.63,314.94,34.69,28.26,6.43,93.13,,399.92,238.68
29/01/2026,16800,425,15083.57,13879.25,13489.83,14708.57,13924.97,783.6,528.69,254.91,94.93,,16018.61,11739.89,377.43,327.0,305.77,361.23,323.09,38.13,30.24,7.89,94.04,,417.06,236.94
30/01/2026,16200,415,15369.29,14045.75,13600.17,14938.02,14093.49,844.53,591.85,252.67,82.23,,16365.14,11726.36,388.14,333.6,311.13,369.5,329.9,39.6,32.11,7.49,86.99,,429.26,237.94
